,Status of existing checking account,Duration,Credit history,Purpose,Credit amount,Savings account/bonds,Present employment since,Installment rate in percentage of disposable income,Personal status and sex,Other debtors / guarantors,Present residence since,Property,Age,Other installment plans,Housing,Number of existing credits at this bank,Job,Number of people being liable to provide maintenance for,Telephone,foreign worker
2,A14,12,A34,A46,2096,A61,A74,2,A93,A101,3,A121,49,A143,A152,1,A172,2,A191,A201
10,A12,12,A32,A40,1295,A61,A72,3,A92,A101,1,A123,25,A143,A151,1,A173,1,A191,A201
12,A12,12,A32,A43,1567,A61,A73,1,A92,A101,1,A123,22,A143,A152,1,A173,1,A192,A201
17,A11,30,A30,A49,8072,A65,A72,2,A93,A101,3,A123,25,A141,A152,3,A173,1,A191,A201
18,A12,24,A32,A41,12579,A61,A75,4,A92,A101,2,A124,44,A143,A153,1,A174,1,A192,A201
20,A14,9,A34,A40,2134,A61,A73,4,A93,A101,4,A123,48,A143,A152,3,A173,1,A192,A201
21,A11,6,A32,A43,2647,A63,A73,2,A93,A101,3,A121,44,A143,A151,1,A173,2,A191,A201
35,A12,45,A34,A43,4746,A61,A72,4,A93,A101,2,A122,25,A143,A152,2,A172,1,A191,A201
37,A13,18,A32,A43,2100,A61,A73,4,A93,A102,2,A121,37,A142,A152,1,A173,1,A191,A201
38,A13,10,A32,A44,1225,A61,A73,2,A93,A101,2,A123,37,A143,A152,1,A173,1,A192,A201
39,A12,9,A32,A43,458,A61,A73,4,A93,A101,3,A121,24,A143,A152,1,A173,1,A191,A201
40,A14,30,A32,A43,2333,A63,A75,4,A93,A101,2,A123,30,A141,A152,1,A174,1,A191,A201
46,A14,36,A32,A43,2299,A63,A75,4,A93,A101,4,A123,39,A143,A152,1,A173,1,A191,A201
48,A14,11,A34,A40,7228,A61,A73,1,A93,A101,4,A122,39,A143,A152,2,A172,1,A191,A201
49,A14,12,A32,A43,2073,A62,A73,4,A92,A102,2,A121,28,A143,A152,1,A173,1,A191,A201
50,A12,24,A33,A42,2333,A65,A72,4,A93,A101,2,A122,29,A141,A152,1,A172,1,A191,A201
52,A14,12,A32,A43,1262,A61,A73,3,A93,A101,2,A123,25,A143,A152,1,A173,1,A191,A201
62,A12,36,A30,A49,1953,A61,A75,4,A93,A101,4,A124,61,A143,A153,1,A174,1,A192,A201
64,A14,24,A32,A43,3181,A61,A72,4,A92,A101,4,A122,26,A143,A152,1,A173,1,A192,A201
68,A14,36,A32,A46,1819,A61,A73,4,A93,A101,4,A124,37,A142,A153,1,A173,1,A192,A201
71,A14,7,A34,A43,730,A65,A75,4,A93,A101,2,A122,46,A143,A151,2,A172,1,A192,A201
75,A11,12,A34,A41,1526,A61,A75,4,A93,A101,4,A124,66,A143,A153,2,A174,1,A191,A201
76,A11,42,A32,A43,3965,A61,A72,4,A93,A101,3,A123,34,A143,A152,1,A173,1,A191,A201
78,A14,54,A30,A41,9436,A65,A73,2,A93,A101,2,A122,39,A143,A152,1,A172,2,A191,A201
79,A12,30,A32,A42,3832,A61,A72,2,A94,A101,1,A122,22,A143,A152,1,A173,1,A191,A201
81,A14,15,A32,A43,1213,A63,A75,4,A93,A101,3,A122,47,A142,A152,1,A173,1,A192,A201
85,A14,12,A34,A49,1412,A61,A73,4,A92,A103,2,A121,29,A143,A152,2,A174,1,A192,A201
105,A12,24,A34,A410,11938,A61,A73,2,A93,A102,3,A123,39,A143,A152,2,A174,2,A192,A201
113,A14,36,A34,A40,7855,A61,A73,4,A92,A101,2,A121,25,A142,A152,2,A173,1,A192,A201
116,A11,42,A32,A43,7174,A65,A74,4,A92,A101,3,A123,30,A143,A152,1,A174,1,A192,A201
118,A11,33,A34,A42,4281,A63,A73,1,A92,A101,4,A123,23,A143,A152,2,A173,1,A191,A201
124,A12,18,A32,A42,1924,A65,A72,4,A92,A101,3,A121,27,A143,A151,1,A173,1,A191,A201
127,A12,12,A32,A45,639,A61,A73,4,A93,A101,2,A123,30,A143,A152,1,A173,1,A191,A201
133,A14,18,A32,A42,1984,A61,A73,4,A93,A101,4,A124,47,A141,A153,2,A173,1,A191,A201
140,A13,6,A32,A40,709,A64,A72,2,A94,A101,2,A121,27,A143,A152,1,A171,1,A191,A202
154,A12,24,A33,A49,6967,A62,A74,4,A93,A101,4,A123,36,A143,A151,1,A174,1,A192,A201
156,A11,9,A34,A45,1288,A62,A75,3,A93,A103,4,A121,48,A143,A152,2,A173,2,A191,A202
157,A11,12,A31,A48,339,A61,A75,4,A94,A101,1,A123,45,A141,A152,1,A172,1,A191,A201
158,A12,24,A32,A40,3512,A62,A74,2,A93,A101,3,A123,38,A141,A152,2,A173,1,A192,A201
159,A14,6,A34,A43,1898,A65,A73,1,A93,A101,2,A121,34,A143,A152,2,A172,2,A191,A201
162,A14,15,A32,A44,1262,A63,A74,4,A93,A101,3,A122,36,A143,A152,2,A173,1,A192,A201
167,A12,11,A32,A42,1577,A64,A72,4,A92,A101,1,A121,20,A143,A152,1,A173,1,A191,A201
170,A11,15,A30,A40,950,A61,A75,4,A93,A101,3,A123,33,A143,A151,2,A173,2,A191,A201
172,A12,24,A33,A42,2064,A61,A71,3,A92,A101,2,A122,34,A143,A152,1,A174,1,A192,A201
179,A11,21,A34,A40,571,A61,A75,4,A93,A101,4,A121,65,A143,A152,2,A173,1,A191,A201
181,A12,36,A33,A49,4455,A61,A73,2,A91,A101,2,A121,30,A142,A152,2,A174,1,A192,A201
186,A12,9,A31,A41,5129,A61,A75,2,A92,A101,4,A124,74,A141,A153,1,A174,2,A192,A201
187,A12,16,A34,A40,1175,A61,A71,2,A93,A101,3,A123,68,A143,A153,3,A171,1,A192,A201
193,A14,6,A32,A43,2108,A61,A74,2,A94,A101,2,A121,29,A143,A151,1,A173,1,A191,A201
198,A12,24,A32,A41,2760,A65,A75,4,A93,A101,4,A124,36,A141,A153,1,A173,1,A192,A201
200,A14,9,A34,A46,936,A63,A75,4,A93,A101,2,A123,52,A143,A152,2,A173,1,A192,A201
206,A14,12,A34,A42,1935,A61,A75,4,A93,A101,4,A121,43,A143,A152,3,A173,1,A192,A201
210,A14,9,A34,A43,3074,A65,A73,1,A93,A101,2,A121,33,A143,A152,2,A173,2,A191,A201
222,A14,12,A32,A43,707,A61,A73,4,A93,A101,2,A121,30,A141,A152,2,A173,1,A191,A201
235,A11,24,A32,A43,1823,A61,A71,4,A93,A101,2,A123,30,A142,A152,1,A174,2,A191,A201
241,A14,6,A32,A43,1595,A61,A74,3,A93,A101,2,A122,51,A143,A152,1,A173,2,A191,A201
242,A11,48,A30,A41,4605,A61,A75,3,A93,A101,4,A124,24,A143,A153,2,A173,2,A191,A201
243,A14,12,A34,A49,1185,A61,A73,3,A92,A101,2,A121,27,A143,A152,2,A173,1,A191,A201
250,A11,6,A34,A40,666,A64,A74,3,A92,A101,4,A121,39,A143,A152,2,A172,1,A192,A201
253,A14,24,A33,A42,4151,A62,A73,2,A93,A101,3,A122,35,A143,A152,2,A173,1,A191,A201
258,A14,15,A32,A41,3812,A62,A72,1,A92,A101,4,A123,23,A143,A152,1,A173,1,A192,A201
263,A14,12,A34,A46,2748,A61,A75,2,A92,A101,4,A124,57,A141,A153,3,A172,1,A191,A201
266,A14,36,A34,A49,6304,A65,A75,4,A93,A101,4,A121,36,A143,A152,2,A173,1,A191,A201
285,A11,47,A32,A40,10722,A61,A72,1,A92,A101,1,A121,35,A143,A152,1,A172,1,A192,A201
293,A13,42,A34,A41,4796,A61,A75,4,A93,A101,4,A124,56,A143,A153,1,A173,1,A191,A201
294,A14,48,A34,A49,7629,A65,A75,4,A91,A101,2,A123,46,A141,A152,2,A174,2,A191,A201
301,A12,36,A30,A43,3804,A61,A73,4,A92,A101,1,A123,42,A143,A152,1,A173,1,A192,A201
304,A14,48,A34,A40,10127,A63,A73,2,A93,A101,2,A124,44,A141,A153,1,A173,1,A191,A201
308,A12,8,A32,A42,1237,A61,A73,3,A92,A101,4,A121,24,A143,A152,1,A173,1,A191,A201
313,A12,12,A32,A40,685,A61,A74,2,A94,A101,3,A123,25,A141,A152,1,A172,1,A191,A201
318,A14,12,A34,A46,701,A61,A73,4,A93,A101,2,A123,32,A143,A152,2,A173,1,A191,A201
325,A11,8,A34,A40,3398,A61,A74,1,A93,A101,4,A121,39,A143,A152,2,A172,1,A191,A202
330,A11,24,A34,A41,6615,A61,A71,2,A93,A101,4,A124,75,A143,A153,2,A174,1,A192,A201
332,A12,60,A32,A40,7408,A62,A72,4,A92,A101,2,A122,24,A143,A152,1,A174,1,A191,A201
333,A14,48,A34,A41,11590,A62,A73,2,A92,A101,4,A123,24,A141,A151,2,A172,1,A191,A201
337,A11,15,A32,A44,1275,A65,A73,4,A92,A101,2,A123,24,A143,A151,1,A173,1,A191,A201
338,A11,24,A32,A42,4169,A61,A73,4,A93,A101,4,A122,28,A143,A152,1,A173,1,A191,A201
342,A12,18,A32,A43,3213,A63,A72,1,A94,A101,3,A121,25,A143,A151,1,A173,1,A191,A201
345,A14,15,A34,A43,1459,A61,A73,4,A92,A101,2,A123,43,A143,A152,1,A172,1,A191,A201
346,A12,13,A34,A43,882,A61,A72,4,A93,A103,4,A121,23,A143,A152,2,A173,1,A191,A201
350,A14,9,A32,A44,1236,A61,A72,1,A92,A101,4,A121,23,A143,A151,1,A173,1,A192,A201
352,A14,18,A34,A41,3229,A65,A71,2,A93,A101,4,A124,38,A143,A152,1,A174,1,A192,A201
356,A14,12,A34,A43,2331,A65,A75,1,A93,A102,4,A121,49,A143,A152,1,A173,1,A192,A201
358,A14,12,A32,A43,776,A61,A73,4,A94,A101,2,A121,28,A143,A152,1,A173,1,A191,A201
363,A14,6,A32,A42,1766,A61,A73,1,A94,A101,2,A122,21,A143,A151,1,A173,1,A191,A201
364,A11,18,A32,A42,2473,A61,A71,4,A93,A101,1,A123,25,A143,A152,1,A171,1,A191,A201
380,A11,20,A32,A42,2212,A65,A74,4,A93,A101,4,A123,39,A143,A152,1,A173,1,A192,A201
399,A14,24,A34,A43,1516,A64,A73,4,A92,A101,1,A121,43,A143,A152,2,A172,1,A191,A201
402,A14,24,A33,A49,8648,A61,A72,2,A93,A101,2,A123,27,A141,A152,2,A173,1,A192,A201
406,A14,24,A34,A41,2197,A65,A74,4,A93,A101,4,A123,43,A143,A152,2,A173,2,A192,A201
409,A13,12,A34,A40,939,A63,A74,4,A94,A101,2,A121,28,A143,A152,3,A173,1,A192,A201
416,A11,12,A32,A40,2579,A61,A72,4,A93,A101,1,A121,33,A143,A152,1,A172,2,A191,A201
420,A14,15,A32,A40,3186,A64,A74,2,A92,A101,3,A123,20,A143,A151,1,A173,1,A191,A201
425,A12,18,A32,A41,2779,A61,A73,1,A94,A101,3,A123,21,A143,A151,1,A173,1,A192,A201
434,A11,9,A32,A42,2136,A61,A73,3,A93,A101,2,A121,25,A143,A152,1,A173,1,A191,A201
436,A14,6,A32,A45,660,A63,A74,2,A94,A101,4,A121,23,A143,A151,1,A172,1,A191,A201
440,A14,12,A32,A40,1884,A61,A75,4,A93,A101,4,A123,39,A143,A152,1,A174,1,A192,A201
443,A14,12,A32,A46,719,A61,A75,4,A93,A101,4,A123,41,A141,A152,1,A172,2,A191,A201
447,A12,7,A32,A43,2576,A61,A73,2,A93,A103,2,A121,35,A143,A152,1,A173,1,A191,A201
462,A12,12,A32,A42,3017,A61,A72,3,A92,A101,1,A121,34,A143,A151,1,A174,1,A191,A201
465,A11,24,A32,A41,2924,A61,A73,3,A93,A103,4,A124,63,A141,A152,1,A173,2,A192,A201
471,A11,6,A32,A46,448,A61,A72,4,A92,A101,4,A122,23,A143,A152,1,A173,1,A191,A201
474,A12,18,A34,A43,1245,A61,A73,4,A94,A101,2,A123,33,A143,A152,1,A173,1,A191,A201
477,A13,24,A32,A43,5152,A61,A74,4,A93,A101,2,A123,25,A141,A152,1,A173,1,A191,A201
478,A12,12,A32,A49,1037,A62,A74,3,A93,A101,4,A121,39,A143,A152,1,A172,1,A191,A201
479,A11,15,A34,A42,1478,A61,A75,4,A93,A101,4,A123,44,A143,A152,2,A173,2,A192,A201
484,A14,12,A34,A40,1163,A63,A73,4,A93,A101,4,A121,44,A143,A152,1,A173,1,A192,A201
491,A12,27,A30,A49,8318,A61,A75,2,A92,A101,4,A124,42,A143,A153,2,A174,1,A192,A201
500,A11,24,A32,A40,3123,A61,A72,4,A92,A101,1,A122,27,A143,A152,1,A173,1,A191,A201
503,A12,24,A34,A43,1216,A62,A72,4,A93,A101,4,A124,38,A141,A152,2,A173,2,A191,A201
506,A13,15,A34,A41,2360,A63,A73,2,A93,A101,2,A123,36,A143,A152,1,A173,1,A192,A201
516,A11,6,A34,A40,1361,A61,A72,2,A93,A101,4,A121,40,A143,A152,1,A172,2,A191,A202
518,A11,6,A32,A40,1203,A62,A75,3,A93,A101,2,A122,43,A143,A152,1,A173,1,A192,A201
521,A11,18,A32,A43,3190,A61,A73,2,A92,A101,2,A121,24,A143,A152,1,A173,1,A191,A201
522,A11,48,A30,A42,7119,A61,A73,3,A93,A101,4,A124,53,A143,A153,2,A173,2,A191,A201
524,A12,18,A32,A43,1113,A61,A73,4,A92,A103,4,A121,26,A143,A152,1,A172,2,A191,A201
526,A14,15,A34,A46,1532,A62,A73,4,A92,A101,3,A123,31,A143,A152,1,A173,1,A191,A201
527,A14,4,A34,A43,1503,A61,A74,2,A93,A101,1,A121,42,A143,A152,2,A172,2,A191,A201
535,A13,21,A34,A46,2319,A61,A72,2,A91,A101,1,A123,33,A143,A151,1,A173,1,A191,A201
538,A11,48,A32,A40,7763,A61,A75,4,A93,A101,4,A124,42,A141,A153,1,A174,1,A191,A201
548,A11,12,A31,A43,626,A61,A73,4,A92,A101,4,A121,24,A141,A152,1,A172,1,A191,A201
557,A14,21,A30,A40,5003,A65,A73,1,A92,A101,4,A122,29,A141,A152,2,A173,1,A192,A201
571,A14,30,A34,A43,5954,A61,A74,3,A93,A102,2,A123,38,A143,A152,1,A173,1,A191,A201
585,A11,18,A32,A42,2039,A61,A73,1,A92,A101,4,A121,20,A141,A151,1,A173,1,A191,A201
588,A11,18,A32,A44,1217,A61,A73,4,A94,A101,3,A121,47,A143,A152,1,A172,1,A192,A201
590,A11,12,A34,A43,385,A61,A74,4,A92,A101,3,A121,58,A143,A152,4,A172,1,A192,A201
592,A14,21,A32,A49,1572,A64,A75,4,A92,A101,4,A121,36,A141,A152,1,A172,1,A191,A201
602,A12,24,A31,A46,1837,A61,A74,4,A92,A101,4,A124,34,A141,A153,1,A172,1,A191,A201
604,A13,10,A32,A42,1275,A61,A72,4,A92,A101,2,A122,23,A143,A152,1,A173,1,A191,A201
612,A11,21,A32,A43,3357,A64,A72,4,A92,A101,2,A123,29,A141,A152,1,A173,1,A191,A201
620,A12,21,A34,A49,3652,A61,A74,2,A93,A101,3,A122,27,A143,A152,2,A173,1,A191,A201
622,A14,48,A32,A49,3914,A65,A73,4,A91,A101,2,A121,38,A141,A152,1,A173,1,A191,A201
641,A12,15,A32,A45,1308,A61,A75,4,A93,A101,4,A123,38,A143,A152,2,A172,1,A191,A201
650,A11,48,A32,A46,7476,A61,A74,4,A93,A101,1,A124,50,A143,A153,1,A174,1,A192,A201
658,A12,30,A30,A49,4221,A61,A73,2,A92,A101,1,A123,28,A143,A152,2,A173,1,A191,A201
667,A14,48,A31,A49,3609,A61,A73,1,A92,A101,1,A121,27,A142,A152,1,A173,1,A191,A201
670,A14,24,A34,A49,4139,A62,A73,3,A93,A101,3,A122,27,A143,A152,2,A172,1,A192,A201
680,A14,6,A32,A46,1538,A61,A72,1,A92,A101,2,A124,56,A143,A152,1,A173,1,A191,A201
687,A12,36,A33,A40,2862,A62,A75,4,A93,A101,3,A124,30,A143,A153,1,A173,1,A191,A201
695,A14,6,A32,A41,1236,A63,A73,2,A93,A101,4,A122,50,A143,A151,1,A173,1,A191,A201
700,A14,12,A32,A42,1123,A63,A73,4,A92,A101,4,A123,29,A143,A151,1,A172,1,A191,A201
711,A11,6,A31,A46,1198,A61,A75,4,A92,A101,4,A124,35,A143,A153,1,A173,1,A191,A201
718,A13,24,A34,A43,3148,A65,A73,3,A93,A101,2,A123,31,A143,A152,2,A173,1,A192,A201
724,A14,27,A32,A40,2570,A61,A73,3,A92,A101,3,A121,21,A143,A151,1,A173,1,A191,A201
725,A14,6,A34,A40,250,A64,A73,2,A92,A101,2,A121,41,A141,A152,2,A172,1,A191,A201
731,A11,24,A32,A43,1987,A61,A73,2,A93,A101,4,A121,21,A143,A151,1,A172,2,A191,A201
745,A11,13,A34,A49,1797,A61,A72,3,A93,A101,1,A122,28,A141,A152,2,A172,1,A191,A201
746,A11,15,A32,A40,2511,A61,A71,1,A92,A101,4,A123,23,A143,A151,1,A173,1,A191,A201
748,A14,21,A32,A41,5248,A65,A73,1,A93,A101,3,A123,26,A143,A152,1,A173,1,A191,A201
750,A11,6,A32,A42,428,A61,A75,2,A92,A101,1,A122,49,A141,A152,1,A173,1,A192,A201
752,A12,12,A32,A49,841,A62,A74,2,A92,A101,4,A121,23,A143,A151,1,A172,1,A191,A201
765,A12,12,A32,A43,1155,A61,A75,3,A94,A103,3,A121,40,A141,A152,2,A172,1,A191,A201
766,A11,30,A32,A42,3108,A61,A72,2,A91,A101,4,A122,31,A143,A152,1,A172,1,A191,A201
786,A14,22,A32,A43,2675,A63,A75,3,A93,A101,4,A123,40,A143,A152,1,A173,1,A191,A201
792,A14,6,A34,A42,1221,A65,A73,1,A94,A101,2,A122,27,A143,A152,2,A173,1,A191,A201
794,A14,24,A32,A42,3062,A63,A75,4,A93,A101,3,A124,32,A143,A151,1,A173,1,A192,A201
798,A14,24,A33,A40,717,A65,A75,4,A94,A101,4,A123,54,A143,A152,2,A173,1,A192,A201
805,A11,36,A32,A40,9271,A61,A74,2,A93,A101,1,A123,24,A143,A152,1,A173,1,A192,A201
808,A12,42,A31,A41,9283,A61,A71,1,A93,A101,2,A124,55,A141,A153,1,A174,1,A192,A201
809,A12,15,A30,A40,1778,A61,A72,2,A92,A101,1,A121,26,A143,A151,2,A171,1,A191,A201
811,A12,6,A32,A43,484,A61,A74,3,A94,A103,3,A121,28,A141,A152,1,A172,1,A191,A201
814,A11,48,A32,A40,3931,A61,A74,4,A93,A101,4,A124,46,A143,A153,1,A173,2,A191,A201
817,A14,6,A34,A43,1554,A61,A74,1,A92,A101,2,A123,24,A143,A151,2,A173,1,A192,A201
818,A11,36,A32,A410,15857,A61,A71,2,A91,A102,3,A123,43,A143,A152,1,A174,1,A191,A201
827,A14,18,A30,A49,4165,A61,A73,2,A93,A101,2,A123,36,A142,A152,2,A173,2,A191,A201
837,A14,4,A32,A42,601,A61,A72,1,A92,A101,3,A121,23,A143,A151,1,A172,2,A191,A201
848,A11,9,A32,A43,1364,A61,A74,3,A93,A101,4,A121,59,A143,A152,1,A173,1,A191,A201
852,A14,15,A34,A43,1471,A61,A73,4,A93,A101,4,A124,35,A143,A153,2,A173,1,A192,A201
856,A14,10,A32,A48,894,A65,A74,4,A92,A101,3,A122,40,A143,A152,1,A173,1,A192,A201
857,A14,15,A34,A42,3343,A61,A73,4,A93,A101,2,A124,28,A143,A153,1,A173,1,A192,A201
863,A14,27,A34,A42,4526,A64,A72,4,A93,A101,2,A121,32,A142,A152,2,A172,2,A192,A201
865,A14,15,A32,A42,2221,A63,A73,2,A92,A101,4,A123,20,A143,A151,1,A173,1,A191,A201
867,A14,12,A34,A42,3331,A61,A75,2,A93,A101,4,A122,42,A142,A152,1,A173,1,A191,A201
875,A12,11,A34,A40,1322,A64,A73,4,A92,A101,4,A123,40,A143,A152,2,A173,1,A191,A201
884,A12,24,A32,A42,4057,A61,A74,3,A91,A101,3,A123,43,A143,A152,1,A173,1,A192,A201
894,A14,18,A34,A43,1169,A65,A73,4,A93,A101,3,A122,29,A143,A152,2,A173,1,A192,A201
895,A14,36,A33,A41,8947,A65,A74,3,A93,A101,2,A123,31,A142,A152,1,A174,2,A192,A201
899,A11,18,A32,A42,4153,A61,A73,2,A93,A102,3,A123,42,A143,A152,1,A173,1,A191,A201
905,A11,12,A32,A43,1107,A61,A73,2,A93,A101,2,A121,20,A143,A151,1,A174,2,A192,A201
913,A14,11,A32,A49,2142,A64,A75,1,A91,A101,2,A121,28,A143,A152,1,A173,1,A192,A201
915,A12,48,A30,A410,18424,A61,A73,1,A92,A101,2,A122,32,A141,A152,1,A174,1,A192,A202
920,A14,18,A34,A42,1817,A61,A73,4,A92,A101,2,A124,28,A143,A152,2,A173,1,A191,A201
924,A11,24,A31,A42,6872,A61,A72,2,A91,A101,1,A122,55,A141,A152,1,A173,1,A192,A201
929,A11,12,A33,A40,1344,A61,A73,4,A93,A101,2,A121,43,A143,A152,2,A172,2,A191,A201
934,A11,12,A32,A43,1498,A61,A73,4,A92,A101,1,A123,23,A141,A152,1,A173,1,A191,A201
938,A12,60,A32,A46,6288,A61,A73,4,A93,A101,4,A124,42,A143,A153,1,A173,1,A191,A201
940,A14,12,A32,A40,3527,A65,A72,2,A93,A101,3,A122,45,A143,A152,1,A174,2,A192,A201
944,A11,15,A32,A42,1845,A61,A72,4,A92,A103,1,A122,46,A143,A151,1,A173,1,A191,A201
952,A12,24,A32,A41,4113,A63,A72,3,A92,A101,4,A123,28,A143,A151,1,A173,1,A191,A201
956,A13,30,A34,A43,3656,A65,A75,4,A93,A101,4,A122,49,A142,A152,2,A172,1,A191,A201
959,A12,24,A32,A42,3069,A62,A75,4,A93,A101,4,A124,30,A143,A153,1,A173,1,A191,A201
960,A14,6,A34,A43,1740,A61,A75,2,A94,A101,2,A121,30,A143,A151,2,A173,1,A191,A201
963,A14,24,A32,A43,2397,A63,A75,3,A93,A101,2,A123,35,A141,A152,2,A173,1,A192,A201
964,A12,6,A32,A45,454,A61,A72,3,A94,A101,1,A122,22,A143,A152,1,A172,1,A191,A201
969,A11,11,A34,A40,3939,A61,A73,1,A93,A101,2,A121,40,A143,A152,2,A172,2,A191,A201
979,A12,15,A31,A40,1264,A62,A73,2,A94,A101,2,A122,25,A143,A151,1,A173,1,A191,A201
984,A14,24,A34,A42,2028,A61,A74,2,A93,A101,2,A122,30,A143,A152,2,A172,1,A191,A201
991,A14,15,A31,A43,1569,A62,A75,4,A93,A101,4,A123,34,A141,A152,1,A172,2,A191,A201
992,A11,18,A32,A43,1936,A65,A74,2,A94,A101,4,A123,23,A143,A151,2,A172,1,A191,A201
998,A11,45,A32,A43,1845,A61,A73,4,A93,A101,4,A124,23,A143,A153,1,A173,1,A192,A201
